airbnbHostId,hostListingCount,superhost
3691177,1,
67925775,1,
4612021,7,
8639323,32,
220118615,9,
25153051,1,
426431415,1,
6701135,1,
1381694,7,
6255849,3,
33871614,1,
706094,1,
29181924,4,
25362470,1,
44206024,1,
12063606,2,
13856090,34,
18849014,4,
56660204,5,
3655118,1,
46797516,2,
262017069,1,
1010613,3,
157574171,2,
275388077,25,
232930661,1,
17397673,2,
149880315,2,
391180079,1,
90659293,8,
47178967,3,
4612021,7,
1180987,4,
7356043,32,
15702910,1,
242192495,2,
7279762,3,
55350919,1,
274790722,2,
231719877,3,
13870525,2,
811855,1,
54981225,1,
255250211,1,
39076467,4,
9354641,4,
109996945,1,
57461671,3,
225231640,3,
15902216,1,
141929,4,
1458653,34,
135761452,2,
381538,1,
4363708,3,
380723472,1,
4235108,20,
167242968,3,
91187617,0,
138820503,1,
272590038,1,
172106971,1,
16595056,2,
141791329,2,
61099503,1,
11351063,26,
32853817,1,
10320665,1,
10837477,1,
373428537,2,
4612021,7,
64230479,1,
307707323,1,
114749851,5,
253105222,36,
219989882,3,
151573,1,
12735502,1,
49971616,2,
209349629,4,
391000211,1,
5443727,0,
201589300,5,
20542761,1,
1396279,1,
21458609,67,
158645672,2,
21751820,3,
106941010,14,
21303728,2,
6342966,1,
213211861,10,
27424158,1,
17370496,2,
141204980,1,
19649942,2,
95543,9,
216011579,1,
249979583,2,
95159390,3,
24056496,2,
57809472,1,
4612021,7,
662129,2,
231719877,3,
81794058,17,
81794058,17,
1497645,2,
357636213,1,
132107331,1,
7599550,3,
4656446,173,
1124533,10,
837146,0,
432554847,1,
136658583,3,
30099936,1,
183140617,2,
368192414,1,
62948190,1,
52687209,1,
7356043,32,
225288630,2,
40618027,0,
192792552,1,
384886743,1,
19054848,3,
164165289,2,
20322871,2,
4612021,7,
203396173,3,
199420880,3,
389786153,1,
301045151,3,
126158743,1,
146202663,11,
20482275,1,
231470553,2,
122437249,1,
2451422,1,
208533838,1,
24851824,3,
274790722,2,
16976871,1,
128734546,2,
72933825,54,
1794266,1,
5927634,2,
5469474,27,
9880222,0,
207345612,1,
54284511,1,
67684839,8,
47591846,2,
60850136,3,
40712381,6,
114122831,3,
200659000,22,
109407921,1,
9950113,1,
50148,7,
240892068,1,
7362787,3,
351521,1,
382900463,7,
295744253,3,
197133374,1,
5469474,27,
161489684,11,
163463758,1,
59169,2,
395789362,8,
48099220,3,
12386962,1,
34449845,0,
220118615,9,
4955218,23,
228954660,1,
34760960,1,
433966389,1,
161489684,11,
229603019,28,
20577537,1,
13856090,34,
18940847,2,
1497543,19,
487573230,28,
29591316,8,
80707196,0,
66841417,1,
109188211,1,
26019462,2,
1454964,14,
161489684,11,
197172498,1,
47231131,1,
3003777,1,
41760582,1,
158457555,2,
327802832,5,
67674442,3,
75277436,6,
23458477,43,
4391378,2,
380972955,1,
396514772,7,
7356043,32,
235258798,3,
22303156,1,
10035468,23,
7321832,2,
100841421,1,
194154268,3,
60139252,1,
395789362,8,
187905475,1,
11401464,1,
305794501,1,
229920950,1,
139167046,3,
30270802,1,
60271552,8,
18616122,33,
239687804,1,
148797371,10,
23458477,43,
29834154,2,
1497881,4,
382900463,7,
314561223,0,
364368739,2,
59223061,1,
75177834,4,
342781316,1,
11712907,1,
24116162,1,
61265154,2,
37420851,4,
205101206,1,
414332340,2,
92882371,1,
19267387,1,
24170533,6,
353008872,1,
8170488,2,
421243,1,
106980640,20,
11561385,1,
64806363,1,
11167683,1,
8170759,2,
33236253,1,
250312632,108,
19812312,1,
97287273,2,
4761562,4,
10201715,2,
18948318,3,
12009571,2,
3144,1,
273609140,4,
79154430,1,
18589181,1,
2435461,5,
618883,1,
10832832,36,
19137950,2,
92251416,5,
15727461,1,
58659876,1,
258778921,4,
159494763,15,
774530,1,
38551478,7,
201853680,2,
84165483,7,
30120272,3,
18982371,1,
117946335,1,
331239240,2,
273609140,4,
117206038,2,
293451891,1,
49098106,1,
62322868,12,
4388250,5,
230016718,50,
107922787,6,
250312632,108,
388088685,1,
117185679,21,
240900846,1,
43638731,2,
230016718,50,
28398362,1,
10286258,2,
17893425,2,
130590240,1,
266815035,1,
72567217,1,
182673908,1,
364569772,2,
122946252,2,
4955218,23,
98993071,5,
34080079,1,
68006780,1,
13106267,1,
318105286,1,
9576992,1,
30563603,1,
355582063,1,
27191798,1,
71200361,1,
7171036,1,
23316307,1,
25890737,2,
101537031,140,
21782360,1,
10832832,36,
13235796,1,
430751743,56,
2911509,2,
212707702,4,
70703011,1,
55050793,2,
92251416,5,
211786,1,
346925775,1,
62702617,2,
29001604,2,
22929317,24,
412806386,2,
224169945,1,
118910959,1,
9862811,4,
334717859,1,
348745371,51,
13061520,1,
23118355,56,
3907271,3,
32047340,5,
10040534,2,
19411220,4,
304857670,2,
13716757,1,
106980640,20,
2065820,1,
47288915,0,
169810777,1,
132362306,3,
101537031,140,
377251470,1,
259441045,37,
6376798,1,
5703490,20,
108058155,0,
57161,32,
57161,20,
198968102,1,
222265639,4,
163699318,1,
304175179,5,
6780040,1,
25391682,3,
13818964,1,
346939301,0,
4981975,0,
236902027,1,
4254315,1,
4955218,23,
23118355,56,
161781258,1,
107382,1,
2679345,2,
21657821,1,
624879,4,
32438452,1,
15572056,7,
6529781,20,
27498737,1,
4626298,4,
2384776,2,
238865052,1,
6457603,1,
10824606,2,
9448345,1,
2585838,1,
14711333,2,
79151985,1,
23118355,56,
388708842,0,
181675272,1,
10116001,2,
94059586,1,
4714374,1,
48709189,2,
180105470,1,
866477,3,
8224625,1,
3844352,2,
35394341,1,
2477978,1,
2287711,2,
21524802,1,
7356043,32,
25326961,51,
5149517,1,
187889410,3,
18895034,1,
231345302,2,
156240567,0,
208610860,70,
48005494,1503,
3851042,2,
70074537,1,
8763731,0,
179394932,2,
1381289,166,
1111042,5,
1381289,179,
383790851,28,
79892627,4,
329994468,0,
500992749,0,
266606258,4,
9668663,10,
14936368,0,
4441750,0,
246099234,2,
16310225,5,
8398671,54,
4510013,0,
17645569,0,
4151836,4,
435138895,0,
210732941,1,
66454922,2,
7635095,4,
8206200,8,
389718318,0,
45675130,1,
39826194,6,
24271549,0,
46190515,0,
205539927,2,
261428804,0,
491587138,0,
52333458,0,
434988946,0,
11200286,2,
5272549,4,
2893489,7,
27842033,7,
21852120,4,
225974242,3,
377558714,0,
56011641,2,
26328447,12,
33249323,60,
369731951,23,
73326371,2,
210321294,32,
400141539,2,
469817021,0,
4948789,44,
412592130,0,
430420118,8,
257045394,0,
9197998,5,
51257061,3,
184951642,1,
221722451,1,
230057655,4,
17939609,1,
26115642,1,
13856777,8,
16285164,2,
82979950,0,
3324376,137,
71522208,10,
73236480,1,
113614913,4,
430009231,3,
434419288,0,
56401419,0,
13231841,2,
26328447,12,
8763731,18,
101642970,20,
366965961,0,
514419470,0,
344304935,1,
435657857,1,
14936368,0,
50592072,4,
82417843,0,
25551648,83,
108490451,1,
258783968,0,
431468197,0,
39843654,0,
286627995,1,
12122942,1,
503659931,0,
290019316,0,
105564995,125,
119798560,1,
17316140,2,
237156066,4,
1444493,14,
505047355,0,
207279727,0,
257383261,2,
132059835,4,
509867317,0,
156760245,3,
115304880,3,
79460978,0,
449499368,0,
1022500,4,
264234559,0,
124969029,21,
330339210,0,
201720555,480,
4350839,0,
184565563,0,
53082520,1,
12478046,1,
50832554,1,
181527412,0,
112868447,37,
31163989,0,
350222367,14,
112868447,0,
285728582,0,
448767922,0,
228928499,149,
431570310,0,
49001904,0,
182259497,0,
20124447,6,
455444395,0,
494479078,0,
89403275,0,
490795350,0,
9991442,0,
444163551,0,
11570657,0,
491814778,0,
20547620,1,
118391150,0,
16563452,1,
329080044,0,
186018340,0,
27572615,0,
3687903,0,
166728372,0,
497719474,0,
112868447,0,
22909882,0,
1432477,0,
492019818,0,
469576572,0,
206434678,1,
515331145,0,
110451998,1,
37535648,0,
3936839,0,
507875760,0,
138846204,0,
456246715,0,
454597741,0,
512328140,0,
304285456,1,
21958567,0,
79460978,0,
170334560,0,
1967808,49,
1432477,192,
273963876,64,
27572615,0,
340871108,1,
71421122,1,
445013518,0,
125822538,2,
90938214,1,
98421213,0,
431570310,0,
48165024,144,
461327353,0,
495352979,0,
44049207,0,
491806250,0,
20270543,1,
243261,0,
13712856,0,
143795093,0,
284914144,0,
370000875,0,
67945063,0,
369624884,0,
60480188,1,
11253126,0,
97004315,0,
57490087,0,
47654335,0,
490303423,0,
268545894,5,
439156774,0,
15860504,2,
193280,2,
497719474,0,
112868447,37,
482330351,0,
273963876,64,
367968865,3,
473131585,0,
139839929,2,
478525610,0,
14875410,0,
315868211,0,
159838588,3,
42153689,0,
491579527,0,
440896362,0,
405872207,0,
503694693,0,
300998095,0,
247586027,6,
7841417,0,
47046390,4,
198139695,8,
269308503,82,
4350839,0,
30492360,2,
11240153,1,
32750341,0,
48165024,144,
481546766,0,
370754832,0,
1432477,0,
60480881,2,
523443187,0,
22621550,0,
72453310,1,
117247747,6,
457597235,0,
457409512,0,
40957256,0,
445273,6,
181527412,0,
390525308,0,
472848293,0,
523679454,0,
531004914,0,
142621635,2,
19970435,8,
329054856,0,
68861069,0,
189917501,0,
46535012,0,
497719474,0,
14629036,0,
42991771,6,
1967808,49,
50763453,0,
64591920,0,
387267845,0,
213498625,1,
48165024,144,
32423116,0,
448767922,0,
192253183,0,
44324490,0,
35693681,6,
203207522,6,
20569886,1,
488051145,0,
226573050,0,
237274219,0,
426486213,0,
375009288,0,
504594505,0,
14269762,1,
64963526,6,
47339242,0,
482391180,0,
407070052,11,
357658888,0,
364841207,1,
34673665,0,
863821,2,
471437658,0,
465903718,0,
497719474,0,
27572615,130,
394282577,0,
496259464,0,
437995684,1,
48165024,144,
285238633,1,
206434678,0,
119438306,1,
286125026,0,
454093749,0,
32440765,0,
375629806,0,
143875580,0,
404027937,0,
25423352,57,
158536745,0,
44089726,0,
490795350,0,
160571272,0,
4280433,0,
494782954,0,
11048420,0,
22977856,0,
50638960,1,
15307811,0,
521772303,0,
189917501,0,
20757981,0,
471088,2,
14875410,0,
334131743,1,
193872528,2,
24438156,1,
228928499,149,
224866971,147,
36697071,0,
41874172,0,
203248950,3,
393383127,0,
1432477,0,
361961729,0,
441295438,0,
5036463,5,
96348104,0,
266523781,0,
17745704,0,
404027937,1,
21867370,25,
22118737,1,
260174990,1,
39349956,0,
211281147,0,
9588476,0,
266032450,1,
33889201,516,
187648693,1,
512828426,0,
14875410,45,
449589956,0,
57726461,1,
61495373,0,
117177624,1,
104925869,0,
334242741,6,
493590505,0,
118026669,1,
359849455,0,
430389851,0,
180083574,0,
8086685,1,
510793532,0,
373256510,27,
72921587,0,
299222427,0,
461928013,0,
327357711,0,
467045896,0,
3771741,0,
8625167,0,
8855535,0,
285728582,0,
448767922,0,
455151385,0,
2125620,0,
20737807,0,
2370522,0,
489706842,0,
137813130,2,
6143795,0,
25119063,1,
475001630,0,
331321483,0,
500312499,0,
6316701,0,
137977628,0,
110674023,2,
960024,0,
79621566,2,
7646501,0,
5025873,0,
60103501,0,
111436465,1,
336282826,0,
416953285,0,
403820523,1,
175458210,0,
77447041,1,
458587430,0,
21475494,7,
64256849,2,
448767922,0,
36401039,0,
40411845,0,
20297348,6,
251272739,0,
100867308,0,
199931761,0,
412386648,0,
8581542,0,
54383931,0,
263909734,0,
299222427,0,
17783564,0,
498193136,0,
115634761,1,
30083414,3,
20723496,1,
17000638,0,
237156066,4,
56974784,3,
157242965,1,
459020032,0,
325614755,0,
62006804,1,
448767922,0,
108818689,1,
161543416,1,
89781022,0,
183577310,1,
459336947,0,
29954318,3,
504335843,0,
137265111,0,
81130615,3,
156454596,2,
143281539,0,
427195056,0,
45155675,17,
30204435,0,
522151459,0,
79882989,0,
504736327,0,
57989340,71,
25860653,2,
505208575,0,
37026316,0,
426322528,0,
285728582,0,
92237359,0,
491579527,0,
22661528,0,
211074697,0,
110780958,2,
453130670,0,
7701687,0,
67625,0,
148565514,6,
491186129,0,
1343564,1,
89355192,0,
49861876,0,
287655884,1,
27834248,0,
376619708,0,
380970278,0,
457409512,0,
490562412,0,
269308503,0,
263734978,0,
251178879,0,
6676841,0,
299110291,0,
446833799,0,
13669902,0,
236036801,1,
215694977,0,
58672229,0,
431902,15,
6775243,0,
4086714,0,
363644607,0,
185898036,0,
315820320,0,
6492145,4,
359849455,0,
420248949,0,
395219763,0,
487564100,0,
2169090,0,
228928499,149,
84139817,0,
477820514,0,
410789950,0,
109385731,0,
16997732,0,
84873942,0,
7439069,0,
521233214,0,
473762416,0,
518368243,0,
325175345,4,
59874333,7,
478716639,0,
314687407,0,
78844319,19,
454232941,0,
228928499,149,
30009436,41,
126213351,1,
491579527,0,
240473406,39,
2125620,78,
494782954,0,
40633522,4,
521233214,0,
1504322,12,
80632481,1,
58672229,0,
84410810,0,
52761586,0,
324841563,0,
491186129,0,
474493463,0,
1024833,0,
363533915,0,
2125620,0,
433189437,0,
65040257,29,
44156022,0,
228928499,0,
141339169,0,
258709744,0,
57989340,71,
295373543,0,
41200507,0,
462017325,0,
451494136,0,
177296881,7,
144246094,36,
482073191,0,
105923378,0,
315820320,0,
386905447,17,
2145970,0,
28573644,0,
198407726,0,
294218760,0,
337450238,0,
376619708,0,
247213063,0,
1457604,6,
3945160,0,
334238764,21,
46163812,0,
169523585,3,
514877198,0,
185817679,4,
52761586,0,
492877150,0,
99268099,0,
1016331,0,
468798193,0,
457409512,0,
304313773,2,
66048736,1,
210878745,8,
519945528,0,
39934088,0,
29255936,0,
114381229,1,
57989340,71,
14027717,0,
44348533,0,
46313209,0,
273963876,0,
3875323,0,
148565514,0,
120579740,0,
1953756,25,
25727709,0,
7701687,0,
163845619,0,
75603666,0,
136400812,0,
434207701,0,
329602561,0,
23346804,48,
33090872,1,
492234632,0,
214524426,0,
279816426,0,
2074413,0,
327406610,20,
230404895,18,
32224301,9,
69225062,0,
17841401,47,
157685633,32,
184145011,1,
7206863,22,
5855235,2,
41770551,0,
49889013,2,
296885071,1,
46005350,37,
207643614,10,
347148628,0,
394419660,6,
58600330,1,
65623622,5,
5113144,2,
27884231,8,
49633363,5,
2364392,21,
193837813,1,
101423265,9,
253264184,25,
616825,3,
302571916,1,
308149664,10,
330991783,1,
170356374,1,
49655610,36,
303271626,1,
148841660,2,
284879269,4,
392500657,140,
225958270,22,
229099275,0,
392500657,140,
220427695,49,
458478463,22,
23331798,77,
367656404,93,
82111313,2,
113089524,37,
72362082,4,
113089524,37,
143975072,10,
154840980,16,
161456138,9,
46505648,22,
42293287,1,
176873312,40,
9077680,95,
158574767,14,
26353138,1,
35140219,9,
308525418,2,
386858605,28,
211550583,7,
127122216,13,
425912438,23,
324141779,1,
135423019,25,
369582345,2,
4783339,13,
15166808,4,
17938254,0,
31349379,11,
9077680,95,
12562720,2,
41000068,3,
160214209,3,
132093062,0,
157685633,32,
212499907,3,
230035771,2,
56695530,241,
24203953,19,
21099478,2,
17649911,1,
32163305,5,
904530,2,
26698954,3,
392500657,140,
275572441,13,
35342405,2,
69965360,23,
121249803,4,
26290796,7,
146991427,3,
32824568,4,
108349478,1,
17841401,47,
36882984,4,
359665765,49,
60510182,8,
63516853,6,
55320978,3,
131196074,1,
392500657,140,
46948179,6,
54763582,3,
39185635,1,
37336282,24,
5192522,98,
36171715,0,
26590934,7,
35638629,18,
23158148,1,
224722015,8,
223062658,23,
20671289,20,
57210060,2,
340213061,1,
255230673,16,
23331798,77,
406230322,3,
79047686,4,
113089524,37,
84903164,10,
13078293,1,
177381774,2,
188392637,2,
103419734,5,
9077680,95,
10849873,5,
253264184,25,
442365,10,
71632570,2,
32621000,5,
392500657,140,
67904054,2,
23331798,77,
46943409,3,
55045753,3,
104425368,3,
42623756,0,
17841401,47,
7206863,22,
200917792,2,
64960362,25,
303756974,4,
70567486,2,
275572441,13,
207837364,6,
133779762,503,
367656404,93,
80380580,10,
374211894,11,
124573213,2,
48106234,1,
48974029,1,
407462342,8,
9985888,1,
406230322,3,
8104216,2,
14358069,17,
51534359,0,
92728943,2,
54105719,0,
36658363,99,
134720335,1,
7206863,22,
185662674,0,
11188010,3,
192597230,1,
5192522,98,
148716135,5,
17841401,47,
39459396,18,
36635075,29,
359665765,49,
52791180,14,
106634988,4,
392500657,140,
392500657,140,
76000404,2,
328720396,10,
91280,2,
18091038,6,
92496368,8,
82867293,1,
231294926,29,
129487243,2,
24203953,19,
65279514,1,
253264184,25,
899942,9,
392500657,140,
392500657,140,
22308334,1,
367656404,93,
57344512,7,
9115759,7,
373658297,38,
34956299,2,
33441424,0,
149230562,56,
133779762,503,
133779762,503,
33843073,5,
171172948,7,
391821068,9,
98568268,2,
297267154,0,
405419972,1,
8636091,6,
28830315,3,
113089524,37,
99911939,4,
166616812,2,
5192522,98,
10728511,6,
19793,3,
7206863,22,
99911939,4,
32621000,5,
201079804,5,
280689633,119,
320684118,2,
16545743,0,
133779762,503,
23331798,77,
370756801,5,
23331798,77,
350064862,3,
412974962,13,
53096691,1,
136224169,4,
160214209,3,
2567920,2,
215916410,1,
20580888,30,
11671887,8,
33076519,10,
243196696,5,
337343785,4,
34619272,1,
359665765,49,
373742062,7,
1351407,1,
19655758,1,
227147496,3,
399863384,0,
14358069,16,
1153161,0,
6258721,1,
12183643,6,
425912438,23,
119858396,3,
18017502,2,
17841401,47,
31623900,3,
12962738,3,
133779762,503,
374211894,11,
123284991,11,
392500657,140,
392500657,140,
47377547,21,
2656478,3,
37044727,2,
47330810,10,
9077680,102,
106598782,2,
123284991,11,
11692882,6,
44863605,3,
183175738,1,
143975072,10,
22262237,1,
46948179,6,
35829931,2,
14814949,1,
48355954,3,
12645149,2,
40299835,4,
367656404,93,
374211894,11,
26186520,13,
392500657,140,
407268025,1,
407518549,3,
85651251,1,
69225062,16,
411743996,1,
136290238,6,
9104240,3,
29963058,0,
65296927,1,
29152164,44,
23320296,1,
147588388,4,
121249803,4,
23874400,8,
75797124,5,
326187922,1,
80380580,10,
275638231,23,
23331798,77,
392500657,140,
158463967,2,
20541200,10,
302851728,38,
53491465,0,
73873449,1,
249759288,5,
14119062,2,
31423939,1,
20671289,20,
153392536,1,
59185089,1,
33701283,1,
31810528,2,
49655610,36,
241750180,1,
127122216,13,
133779762,503,
347336420,2,
46662701,1,
324259522,6,
73530432,10,
296693809,2,
9953899,2,
57623307,5,
6135468,2,
54521138,4,
157031279,1,
37336282,24,
119858396,3,
281086682,3,
133779762,503,
367656404,93,
220427695,49,
23331798,77,
300832900,3,
366280937,24,
276102968,15,
5615582,2549,
4783339,13,
9115759,7,
57321196,1,
37275467,7,
9077680,95,
80380580,10,
127614763,0,
60677325,2,
2595250,7,
105139252,2,
101138512,35,
75661506,1,
194761833,3,
47516230,3,
227546601,25,
320684118,2,
359665765,49,
425912438,23,
63512772,4,
231294926,29,
135429973,1,
23612517,13,
407855173,10,
203489696,36,
6310164,1,
34322318,2,
121249803,4,
137033148,1,
7666074,2,
29152164,44,
80380580,10,
111838012,3,
56376512,2,
2197773,5,
32905891,18,
291140139,39,
367656404,93,
156799819,2,
392500657,140,
399874331,1,
182245033,2,
100545266,2,
3879650,4,
22125424,3,
55906557,0,
10012421,3,
116837134,1,
151704700,1,
51455142,25,
194761833,3,
46005350,37,
26779869,6,
23331798,77,
5100390,3,
273881862,4,
268829040,24,
308149664,10,
20580888,30,
23697420,1,
60205491,3,
237661259,6,
260894642,2,
32198174,3,
220427695,49,
260454908,20,
133779762,503,
367656404,93,
3879650,4,
410466372,2,
136290238,6,
385170833,25,
11366067,1,
37275467,7,
17043836,3,
14333737,10,
9186302,1,
135423019,25,
87005549,5,
17841401,47,
78002156,5,
29152164,44,
227546601,25,
171172948,7,
392500657,140,
87926251,4,
316394303,1,
48069833,10,
23331798,77,
51581505,1,
46505648,21,
97180248,0,
36056403,1,
133779762,503,
149230562,56,
157685633,32,
157685633,32,
22593603,1,
14358069,16,
227876683,2,
99007102,5,
121768834,9,
123593940,5,
191395151,7,
359665765,49,
5615582,2549,
1269985,8,
401963848,13,
392500657,140,
16509030,25,
23331798,77,
291140139,39,
310780469,6,
1679337,3,
20671289,22,
49958550,1,
55045753,3,
58361319,3,
24471281,2,
27884231,8,
80118445,0,
26483521,3,
29963058,19,
135423019,25,
234082248,5,
15834909,5,
123284991,11,
314165088,1,
324804612,10,
271656881,4,
5192522,98,
380138219,4,
133779762,503,
32442486,6,
413296796,0,
6266073,28,
1444590,18,
64804994,3,
18778308,0,
18017502,2,
169338876,3,
121768834,9,
133779762,503,
174046387,5,
230050935,1,
301572359,1,
344510240,1,
304216559,4,
220427695,49,
1444590,16,
358439356,40,
23331798,77,
49655610,36,
223843118,1,
392500657,140,
384138945,1,
79985018,2,
133779762,503,
253839975,35,
2364392,23,
6843061,2,
59886955,18,
157969490,7,
27234875,3,
59173261,1,
38078874,1,
262701656,6,
289218456,0,
187999690,1,
26744799,1,
482073826,0,
478717835,0,
171446547,1,
500829112,0,
480832918,0,
434423439,1,
216631614,27,
512920972,0,
408018781,17,
246003002,0,
356623718,10,
74282739,0,
104836016,2,
51913277,0,
309329,1,
5321232,1,
49357921,8,
114407078,0,
30495033,0,
429916203,0,
502215579,0,
28260018,0,
227865845,3,
23269743,0,
390738578,1,
134463347,0,
198629100,0,
311888829,1,
68767728,3,
1315486,21,
314462294,0,
468884150,0,
348281346,19,
189212561,1,
273768652,1,
365937479,0,
51913277,0,
9371210,1,
30460359,0,
230688115,0,
112757420,1,
34754586,0,
426180130,0,
216631614,27,
183150569,1,
499439855,0,
45688186,0,
470923464,0,
487299282,0,
348281346,19,
117195857,2,
273971514,3,
338412156,3,
420132354,1,
120876932,0,
5942819,6,
319832218,0,
516734066,0,
253839975,35,
173046600,1,
33816681,3,
242125825,0,
418577,0,
71312760,1,
460419777,0,
212693162,0,
509175415,0,
289189993,0,
504802807,0,
476191949,0,
21500972,0,
490110429,0,
347646634,0,
174786681,1,
77063818,0,
459307723,0,
31556107,0,
62551097,2,
301867671,3,
486645107,0,
304399348,3,
174730697,1,
28965148,0,
488672147,0,
94709785,0,
76371792,0,
438824974,0,
522897283,0,
24815236,0,
50145243,1,
40708138,6,
500829112,0,
522653241,0,
224974119,0,
413494631,0,
319005137,0,
318899,0,
14637971,3,
326495,0,
466814518,0,
83827180,1,
510391967,0,
9224138,0,
174073004,0,
310751852,0,
32445326,2,
157140705,3,
141303387,1,
147708401,1,
61172932,1,
438355992,0,
80525341,0,
478717835,0,
341329541,0,
236804347,0,
445041153,0,
278284348,0,
480832918,0,
34353017,3,
204810113,1,
256966373,4,
265484072,1,
35174210,0,
48713620,0,
401577855,0,
8439511,0,
357096326,0,
19410772,0,
421327031,0,
233519609,0,
15694113,0,
407565260,3,
217587993,0,
68995261,0,
338730086,2,
82930553,2,
272541886,0,
457130170,0,
507230407,0,
397215050,0,
414576994,1,
483749946,0,
495542294,0,
21662783,4,
24815236,0,
500829112,0,
24815236,70,
202382483,0,
521984904,0,
38819962,2,
355019887,0,
8993084,0,
4392992,0,
182869653,5,
137130688,7,
163384875,3,
1410306,33,
207038607,0,
407565260,3,
212687088,5,
41578875,1,
30960297,0,
14049772,1,
432195450,0,
121252500,6,
42076010,2,
481837613,0,
521038924,0,
11308972,4,
487919944,0,
451342565,0,
24815236,70,
260464120,28,
63542223,2,
238501905,6,
226886945,0,
534417190,0,
398036663,3,
8288419,6,
49357921,0,
248430196,8,
486516533,0,
64634331,0,
147438966,9,
147438966,0,
30143773,3,
383751436,0,
243906967,1,
79506421,0,
11461632,9,
379560163,5,
309096901,0,
461145248,0,
507840095,0,
108827485,1,
535892414,0,
33616515,0,
173266313,0,
207038607,0,
444214724,0,
270808458,1,
121680792,0,
520897082,0,
80574207,0,
429445403,0,
435914865,3,
21194343,2,
421664266,2,
460874179,0,
212693162,0,
212693162,31,
48869670,5,
454531346,0,
370008282,0,
6966161,0,
493990659,0,
500150447,0,
503446175,0,
189095873,4,
403499983,1,
12761839,10,
224643958,1,
445546585,0,
440886754,0,
296080182,0,
484826444,0,
117830460,7,
253576891,0,
306914385,5,
86600847,0,
385025624,0,
40708138,6,
464158654,0,
484261939,0,
392217081,8,
1315486,21,
276665775,3,
408018781,17,
404071311,3,
43179626,0,
39277795,6,
76854135,1,
535892414,0,
274518879,0,
223742017,0,
413314187,0,
343392778,0,
7832638,0,
74613535,1,
506488955,0,
103100426,0,
31549697,0,
309096901,0,
40708138,6,
236804347,0,
489030073,0,
92856476,0,
484261939,0,
24815236,0,
370008282,25,
44008190,0,
417179471,0,
44787782,2,
471710575,0,
119692067,0,
314868050,1,
219938561,0,
441251868,0,
1513389,3,
490124548,0,
177915409,0,
385750812,0,
430327041,0,
22928740,1,
166490138,1,
486969168,0,
319005137,61,
1410306,33,
13195401,0,
21148422,0,
305115639,0,
95459395,282,
490590687,0,
267066993,0,
480222081,0,
97510627,3,
319894515,1,
199067411,0,
3260817,2,
12979727,71336019,
431065104,0,
16480700,0,
364419390,0,
48005494,1503,
407304997,0,
371972456,101,
371972456,101,
197053492,0,
336064553,4,
371972456,101,
371972456,101,
91571876,0,
9419684,0,
252866861,0,
27487630,0,
31240439,0,
7466070,1,
211549023,0,
739539,4,
486712682,0,
251447997,4,
65890154,0,
345475722,3,
61858667,2,
319005137,0,
514977497,0,
121680792,730,
392898151,58,
5942819,4,
236804347,0,
8282968,0,
149466462,1,
150131124,0,
6958867,39,
9315100,7,
42219345,73,
452311163,0,
25885574,0,
2413839,1,
407304997,0,
371972456,101,
219517861,80,
501999514,0,
262010271,4,
62827933,1,
15857126,1,
2837705,4,
362591996,1,
19638146,3,
188888092,2,
190853040,1,
20580419,0,
239963234,0,
267654602,0,
8379918,1,
120262893,0,
1410306,0,
105703386,0,
33205064,1,
34035977,0,
371972456,101,
10969148,1,
4920221,0,
1410306,33,
13394062,0,
2549076,11,
153017365,1,
5931428,1,
2695451,2,
17056215,4,
1410306,33,
435919537,1,
10458139,1,
473749353,0,
31818219,4,
120618006,0,
265876415,2,
12022058,0,
224414117,28,
433227556,1,
371972456,101,
1616218,2,
5627628,1,
231468237,0,
24592423,7,
463345136,0,
4365106,1,
120421821,2,
407939379,3,
4928796,6,
482140449,0,
481991674,0,
52659070,63,
23126253,11,
136431007,2,
44703029,0,
93727916,0,
442508778,0,
197748572,6,
135955043,0,
73871864,12,
415690678,0,
48895336,1,
119774371,0,
94455732,2,
163251048,150,
357334235,0,
27446767,0,
490590687,0,
20567256,2,
52887462,0,
170903370,0,
52659070,0,
101302148,1,
273242671,0,
520926085,0,
39880517,1,
56061036,1,
291762529,0,
1002705,0,
13264918,1,
314151200,8,
336064553,4,
219517861,80,
107434423,4303,
422002010,0,
248430196,8,
30283594,565,
163251048,150,
58763745,0,
107434423,0,
6103348,0,
257995608,10,
22322427,0,
448326434,0,
6058163,1,
197569717,1,
52789828,8,
23104468,0,
276389083,0,
42219345,73,
1550683,8,
1682132,4,
72541017,0,
107714357,27,
106827457,0,
307633956,6,
470859718,0,
485326696,0,
368709041,1,
31288992,1,
178535875,18,
31240439,0,
51756472,67,
23566374,3,
319005137,0,
4191828,3,
519083583,0,
495558344,0,
232557023,6,
202270072,1,
12829834,2,
199067411,0,
120290129,0,
320763011,0,
219517861,0,
178535875,18,
30283594,565,
145796552,7,
147171551,0,
88174473,6,
319005137,0,
51756472,0,
24592423,7,
20204745,0,
522955888,0,
8612647,1,
281408829,0,
519083583,0,
126000907,0,
5649741,0,
11190436,17,
146599102,0,
95029801,0,
47499199,0,
219517861,80,
4095104,0,
219517861,80,
274604030,0,
45812347,1,
47658174,5,
8483704,1,
8837750,1,
102714959,0,
4928796,6,
458609384,0,
58478540,9,
378709763,0,
1551070,2,
156781470,5,
211039753,0,
392898151,0,
7749403,0,
443343607,44,
8146166,2,
3116172,1,
25116424,4,
15357373,4,
144885524,1,
7212456,3,
25276846,1,
16440881,1,
145873215,2,
2623502,1,
280708996,1,
405598639,2,
17844178,1,
148612965,1,
55550031,2,
156562268,1,
3240477,2,
64646820,130,
103884979,15,
13272223,1,
50160697,7,
20704144,596,
11638127,9,
2984805,5,
34007109,7,
29112772,2,
413946516,8,
5836827,2,
20717633,3,
41781093,1,
64646820,130,
1188065,33,
7088356,1,
236853515,3,
141784,1,
1518236,1,
21196676,4,
17911454,0,
3071306,1,
86027378,12,
285079318,1,
64579077,1,
3442905,3,
7250508,2,
52178915,118,
105646223,1,
47514427,92,
2228453,1,
1445283,1,
418448354,1,
25419840,1,
4645827,1,
29483318,3,
1583699,1,
1031577,2,
88566861,255,
253575857,36,
309731366,7,
369884091,3,
263477055,1,
31607663,3,
395569,1,
64462528,1,
19610799,2,
9483729,1,
107400974,2,
208796981,3,
223873896,1,
85132,114,
11331176,1,
21196676,4,
6641931,1,
12908133,1,
5977346,5,
179161726,1,
20497687,2,
498928,1,
1214006,1,
21226960,1,
2711732,4,
100390518,22,
20704144,596,
9109983,4,
3198527,1,
84154713,3,
91464797,3,
674976,2,
212075336,1,
22700332,1,
21196676,4,
9389558,1,
26991996,1,
9932058,2,
11166165,3,
135551998,1,
417666,4,
305345677,9,
381077616,3,
160591574,5,
1923745,3,
10622144,4,
100390518,22,
333789199,6,
13340074,1,
2259098,2,
38209715,3,
38209715,3,
5611653,2,
49730892,2,
81879,1,
119920,1,
10729940,1,
310732156,4,
425219401,1,
115849,12,
51659350,4,
64646820,130,
85132,114,
92075817,1,
20434337,1,
48003274,1,
3384322,4,
976125,1,
310732156,4,
6034365,3,
48618681,1,
2513762,6,
100390518,22,
173206762,61,
173206762,61,
310731324,6,
8037793,1,
202404209,2,
988375,18,
9194713,0,
2984805,5,
31021771,3,
413946516,8,
23309181,1,
7879719,1,
88566861,255,
61398010,1,
173206762,61,
253575857,36,
399069771,12,
399069771,12,
5516215,1,
216480693,4,
7354188,1,
281939482,29,
287717511,2,
93655170,2,
6093410,2,
22267033,79,
303947269,5,
43127380,1,
95227196,4,
1196837,2,
136131559,7,
10081093,3,
8812791,2,
316658100,2,
24215,2,
88566861,255,
3794114,1,
229685084,1,
34799523,1,
5977346,5,
1676998,1,
131200418,50,
64996654,1,
103884979,15,
30014099,3,
102523118,12,
100390518,22,
399069771,12,
240915570,1,
3119013,1,
46412254,1,
400352309,1,
2701386,1,
1753794,7,
225791151,3,
47514427,92,
13309461,1,
4873926,2,
24673601,1,
126036,1,
22347599,1,
201430482,3,
36481063,1,
2758480,1,
6093410,2,
47514427,92,
4060431,0,
173206762,61,
23982718,2,
11609628,2,
335930199,1,
33856710,3,
56507890,1,
102523118,12,
22267033,79,
173206762,61,
162674732,4,
405598639,2,
61184414,2,
264963463,4,
72387792,1,
758670,1,
3109494,1,
208796981,3,
812141,1,
9541214,2,
102523118,12,
253575857,36,
119674934,2,
49685469,1,
34799523,4,
2767171,1,
836116,2,
165901112,4,
57430925,1,
1097396,4,
6777297,1,
1243792,2,
2077504,1,
413946516,8,
33068864,1,
253575857,36,
407298390,6,
9270394,1,
222913107,1,
289376,1,
45156079,1,
129961318,1,
26870698,1,
7208147,1,
792371,1,
20704144,596,
26653520,5,
212709106,1,
64646820,130,
52178915,118,
85132,114,
3832802,1,
75262645,1,
253554260,1,
160591574,5,
3138116,2,
9999808,2,
128917916,0,
64646820,130,
24949211,4,
88566861,255,
49425233,1,
14950298,1,
580236,2,
154514692,2,
103884979,15,
47514427,92,
173206762,61,
66107483,2,
1368144,6,
59258209,0,
12264996,1,
383029,2,
38498758,1,
19595581,1,
12780961,2,
4085271,2,
47514427,91,
93714995,15,
1563282,1,
81226014,4,
409952387,1,
282667697,1,
100672984,3,
421626962,4,
601627,1,
44956536,1,
236853515,3,
387032745,1,
44934464,1,
7096906,1,
52178915,118,
70722023,169,
15068891,1,
11512680,2,
197574853,1,
140833338,0,
122429357,45,
58930,2,
4667343,1,
3967658,1,
226685582,2,
3924145,1,
39759525,3,
2238981,12,
4189517,1,
52178915,118,
70722023,169,
253575857,36,
64646820,130,
900661,1,
230265204,2,
10267172,5,
795382,1,
56931251,2,
385878161,1,
107595,1,
128158942,2,
149725836,1,
219930816,10,
1614566,1,
102523118,12,
115849,12,
377744,2,
4106299,2,
279829523,1,
13445416,1,
2608908,1,
7270890,1,
327217707,5,
648553,1,
42138725,3,
9999808,2,
100390518,22,
20850212,16,
309731366,7,
139875070,2,
639671,1,
580606,1,
8390846,0,
305345677,9,
159391934,39,
18351762,1,
175969733,4,
4170606,1,
6869592,1,
15284484,1,
191314376,5,
1099605,1,
25116424,4,
31021771,3,
12707660,2,
218268629,1,
15024043,1,
52178915,118,
47514427,91,
253575857,36,
2721612,1,
1852503,1,
230265204,2,
180715,1,
151148,1,
413175220,1,
21499033,1,
875221,22,
417666,4,
443422892,1,
115849,12,
75323230,2,
8097561,2,
105835535,1,
2486135,1,
21196676,4,
669175,1,
416919348,1,
263228847,1,
51659350,4,
399069771,12,
53614586,2,
81226014,4,
38956179,2,
16722899,2,
145258,2,
173206762,61,
253575857,36,
394604022,4,
399069771,12,
23918094,2,
99542736,7,
55782784,26,
11298613,1,
61593086,1,
31039935,1,
233982334,2,
21196676,5,
2709765,1,
4819815,1,
46107941,4,
102523118,12,
163061723,4,
11512680,2,
152396699,1,
20860681,1,
155486904,1,
5020218,2,
337960,3,
173206762,61,
253575857,36,
253575857,36,
162674732,4,
66762479,1,
7526456,2,
95227196,4,
275853781,0,
8676376,5,
4843181,3,
34480173,1,
16921530,1,
709325,6,
48424042,1,
317425196,1,
7183434,1,
52178915,118,
6884446,2,
102523118,12,
7895922,2,
2846262,4,
694440,3,
15259486,2,
309729224,4,
52178915,118,
52178915,125,
173206762,61,
218110608,5,
4687340,6,
4249288,2,
276715899,1,
304426,2,
203829399,1,
3817487,6,
208796981,3,
7965809,1,
20850212,16,
278678460,1,
188173660,3,
1469393,2,
15820085,4,
191314376,5,
10263963,1,
2761772,3,
173206762,61,
253575857,36,
150732464,7,
1996629,6,
327217707,5,
1032643,5,
21269104,1,
12767826,1,
64646820,130,
173206762,61,
4001073,1,
100586872,4,
14235899,2,
1229762,2,
162565,1,
4464641,3,
40419188,2,
124937590,0,
3617002,7,
145405692,3,
3363650,4,
2116156,3,
395647147,1,
12726391,1,
5959211,3,
37624778,2,
143524,1,
7757149,2,
9032873,1,
8572404,1,
103339,1,
333179445,1,
30916579,1,
1357017,1,
100390518,22,
93714995,15,
132534885,1,
8517866,1,
2318089,2,
64438831,1,
988375,18,
1492583,1,
77596452,2,
96655,6,
159507011,1,
1822832,1,
115849,12,
253575857,36,
5870776,1,
570963,1,
178494555,1,
2676602,4,
174981520,3,
5161705,1,
11997544,1,
47514427,92,
37866632,1,
16397170,1,
207476291,1,
183493154,4,
222530794,3,
108083073,46,
91931192,24,
108083073,46,
23800225,1,
91961414,58,
53675926,2,
78717228,1,
50799039,0,
382384057,24,
103468170,9,
91931192,24,
91931192,24,
95962092,4,
28386926,1,
3600856,1,
137055774,2,
303393560,6,
185276617,5,
238140599,4,
6159854,2,
49400279,1,
236673690,1,
60135494,8,
279001183,736,
288743418,135,
2450066,96,
346218508,25,
149704847,1,
24426637,1,
37006544,1,
21151187,25,
148607219,31,
14708045,2,
7409213,176,
133160199,0,
63558864,2,
5918473,3,
256161584,10,
9157690,1,
10642428,2,
34465278,1,
47290614,4,
301753450,117,
3882146,13,
15885982,10,
185783910,39,
429868310,2,
93459894,4,
373522395,1,
350512564,7,
33889567,2,
81085555,2,
37821128,3,
206286918,4,
91931192,24,
276991134,5,
6599322,6,
436254,0,
3046924,43,
302077813,13,
33325403,15,
101139031,36,
7636937,2,
9711346,4,
238133344,1,
157131316,1,
297512659,20,
297512659,20,
54111845,21,
16026854,36,
270132187,45,
15739069,120,
157864169,10,
50851343,1,
88800829,6,
15739069,120,
60445668,2,
89211102,1,
228996077,4,
209143501,1,
49055642,2,
219737837,6,
34086903,1,
7617959,2,
270132187,41,
13079779,2,
40514323,2,
25963878,1,
162606254,1,
51035152,13,
15739069,120,
43924933,1,
44981246,1,
15739069,120,
224249958,11,
26824411,1,
67185321,1,
127459826,1,
23872121,1,
242035828,1,
1936434,15,
1936434,15,
10649195,4,
53008104,2,
232000825,2,
279514563,6,
437244674,1,
279001183,736,
240935924,5,
86333173,7,
49590099,1,
84190096,1,
2450066,96,
56550841,1,
108232788,4,
152286803,1,
279001183,736,
101139031,36,
94181912,1,
82545663,4,
92779512,27,
103639120,2,
3087031,4,
495971390,8,
15885982,10,
407392360,42,
6795388,1,
107438836,3,
162766127,1,
288743418,135,
10642428,2,
33325403,16,
32228294,2,
4206948,1,
341829844,2,
397900746,0,
5078500,3,
51010712,0,
72033908,2,
16357713,96,
15467398,1,
65825639,2,
99949437,1,
404111123,1,
33325403,16,
7409213,176,
279514563,6,
202112801,7,
60812566,1,
308798189,1,
338022273,7,
15061497,2,
16489645,1,
288743418,135,
198364627,1,
24022126,1,
53008104,2,
256161584,10,
46909702,4,
507021,2,
101139031,36,
44869453,21,
24598502,1,
279001183,736,
7409213,176,
44888391,1,
526140891,15,
46853305,1,
211811140,1,
11240160,2,
20745869,1,
220028816,0,
126970671,1,
42440269,18,
1936434,15,
101139031,36,
163553018,9,
30996636,1,
118625037,1,
19703653,7,
330720491,1,
55989757,1,
46888651,4,
48702817,1,
13789139,1,
5903872,3,
144935272,4,
253118612,1,
181698992,1,
137278159,18,
4097695,1,
50725147,3,
240935924,5,
49403985,2,
70873297,1,
139514942,2,
29291898,10,
239641395,6,
167498543,3,
288743418,135,
200303151,7,
15295168,1,
82545663,4,
79411394,3,
392908452,5,
55733804,1,
229138658,1,
2288917,1,
8738321,1,
6875353,19,
313222379,1,
3046924,74,
211101575,2,
88800829,6,
195523975,1,
526140891,16,
87181834,1,
270132187,45,
141812885,1,
288743418,135,
370226962,3,
88855353,1,
20595089,2,
239641395,6,
16639191,6,
66652606,2,
153195376,7,
6471879,2,
264616399,1,
5021839,1,
7409213,176,
8402583,1,
272346593,1,
35823380,1,
44869453,21,
202151255,1,
306700375,11,
1936434,15,
91931192,24,
25123504,4,
733574,3,
55112710,1,
286576268,1,
115251183,2,
157241687,1,
77834465,1,
255913468,1,
1936434,15,
149203079,2,
288743418,135,
185783910,45,
66425335,1,
279001183,736,
254427140,5,
26768480,3,
12440693,1,
5893273,28200063,
142755870,1,
163553018,9,
50034341,2,
158872444,4,
47288348,3,
7065972,1,
237923279,5,
22643524,2,
200303151,7,
97616,1,
30626488,1,
23501948,3,
152375469,2,
2450066,96,
49043993,1,
30570449,2,
51685133,8,
154618936,0,
91961414,58,
38651666,1,
285144090,8,
15739069,120,
76024150,1,
2450066,96,
67873208,1,
308018824,10,
47943619,3,
16979050,0,
34473806,19,
125590978,10,
17943408,4,
91961414,58,
185783910,39,
221042681,7,
1493019,7,
1261500,5,
98774646,1,
43670757,1,
64838426,1,
25288642,1,
111859963,1,
8723870,1,
181860766,6,
41605807,2,
53874311,2,
48805137,2,
67287214,13,
17237792,6,
301753450,117,
226913216,1,
225294487,12,
475196347,65,
342493464,1,
44539333,3,
279001183,736,
270639082,6,
1645567,1,
70570922,45,
188286220,3,
22698637,1,
237335836,11,
340412410,3,
256161584,10,
301172930,3,
210277868,1,
12402075,4,
42440269,20,
219737837,6,
51685133,8,
301753450,117,
92779512,27,
97306767,1,
5144857,1,
106058091,1,
185783910,39,
44628208,2,
318838419,10,
254427140,5,
15739069,120,
3203717,2,
21822330,3,
308018824,10,
253369797,2,
66530534,1,
302077813,13,
72033908,2,
296620182,46,
34622047,1,
256161584,10,
42440269,18,
239846720,4,
46993372,1,
32007666,2,
33325403,16,
10007090,3,
2577380,1,
11987452,1,
1835060,1,
254427140,5,
56389176,1,
31616519,1,
109652147,1,
229156319,3,
93459894,4,
167340072,14,
102653704,1,
30941010,1,
32173242,0,
4185654,2,
3253429,1,
91931192,24,
368967155,2,
33325403,16,
5215877,46,
775624,2,
338022273,7,
48015044,37,
302077813,13,
17581508,1,
279001183,736,
34473806,19,
108083073,46,
191986417,6,
298206262,8,
326403594,9,
17386186,3,
21783619,1,
272130295,41,
21538589,4,
17714205,16,
50798708,13,
22421477,3,
40736501,2,
219612559,10,
151030999,4,
218145783,1,
262103626,3,
219737837,6,
455616,2,
210831839,4,
283498077,25,
206286918,4,
51166872,16,
9585895,2,
106476970,7,
21151187,25,
36077458,1,
36102806,1,
229925439,3,
4995302,4,
43893600,1,
129361793,8,
270132187,41,
5215877,46,
191986417,6,
341829844,2,
22778273,2,
2450066,96,
9315768,4,
279001183,736,
148607219,31,
88800829,6,
363560512,1,
15739069,120,
403602564,2,
184557824,4,
81085555,2,
270132187,41,
108083073,46,
144935272,4,
21343886,1,
108083073,46,
9182280,4,
288743418,135,
1526109,1,
44641922,1,
335974530,4,
100724268,11,
15739069,120,
407392360,42,
15739069,120,
6783570,2,
376464449,9,
29964589,0,
116794900,2,
288743418,135,
283073427,3,
70590880,6,
167498543,3,
32483420,2,
33889567,2,
290937658,1,
335974530,4,
15739069,120,
237335836,11,
245024774,3,
25409117,1,
292060789,18,
25473683,1,
163277099,9,
54883173,1,
9502222,2,
42440269,18,
283498077,25,
13791976,1,
1699522,1,
363219182,0,
404426599,2,
283498077,25,
225294487,12,
68814782,2,
145764204,1,
39008867,2,
108940826,1,
22238002,1,
97470733,6,
148116197,1,
34473806,19,
5169464,1,
1936434,15,
15885982,10,
141206334,1,
407392360,42,
3276177,1,
4381402,1,
303393560,6,
288743418,135,
296620182,1,
29667205,1,
5650162,1,
114419067,2,
227564034,2,
15696434,1,
233962999,4,
24496589,2,
158939844,1,
297512659,20,
59510879,3,
427170678,1,
174891991,17,
74130721,3,
130807240,0,
303963002,1,
122924743,4,
131748110,38,
472133267,0,
181447000,0,
370667624,5,
42815177,1,
52139139,0,
280578369,2,
46900709,4,
435389881,39,
156008533,19,
518309718,0,
341382455,10,
94302731,57,
189502014,10,
303533073,10,
63598456,18,
100665480,9,
169225525,14,
480673998,0,
337838521,4,
49676840,5,
218369769,0,
257553347,3,
484345280,0,
98770436,9,
21504159,32,
517818337,0,
161804725,0,
34150273,0,
233094602,7,
269182185,27,
235126408,19,
321365764,0,
332233977,32,
86666280,3,
42068344,3,
507235651,0,
29253527,19,
171068594,3,
47346692,3,
195984871,9,
492761265,0,
148171410,4,
58691587,2,
490997859,0,
43855091,9,
218369769,12,
63345781,72,
46443714,8,
35684204,2,
9018856,9,
38655722,9,
244662388,0,
184799302,8,
56566876,6,
78745434,13,
246127193,20,
25379608,2,
165159056,2,
396025101,19,
144246778,98,
343260975,27,
235126408,19,
343260722,26,
142900912,0,
337898918,0,
46428265,0,
17018818,1,
31936413,1,
302848100,1,
199825323,0,
240968897,7,
213641008,4,
509688153,0,
228108540,1,
12294610,12,
43826309,20,
494924266,0,
63993993,3,
321365764,0,
332233977,32,
94302731,57,
327891112,4,
492761265,0,
54600515,3,
128187313,0,
63345781,72,
173962342,11,
401959312,0,
16795060,3,
30324135,55,
78745434,13,
123834213,3,
45653968,0,
340922173,1,
343260629,27,
119191690,3,
195984871,9,
28089811,1,
72420229,1,
61729485,7,
333942571,22,
225756970,4,
225756970,4,
63571865,5,
111999576,10,
203632096,0,
35519960,6,
250240606,1,
228162180,3,
503029252,0,
494407911,0,
219626956,1,
104596362,1,
47350689,6,
2995964,13845814,
302841604,10,
480673998,0,
75139813,1,
497642788,0,
61184736,5,
179911926,23,
74022439,11,
32489578,1,
333942571,0,
94302731,57,
208140260,4,
41013044,25,
49474412,0,
30324135,55,
305354548,13,
55344665,3,
255338506,11,
269182185,27,
289319222,1,
269182185,27,
74535093,11,
530838288,0,
137039498,8,
316616431,1,
333942571,22,
198552582,10,
228138663,0,
328310500,0,
270442113,6,
48929159,2,
294322772,0,
396025101,19,
339104836,1,
169234249,3,
255338506,11,
343260789,27,
235126408,19,
235126408,19,
91750373,2,
184428313,8,
371116564,1,
501422627,0,
182723327,6,
492945056,0,
218179056,17,
26761196,1,
56653460,11,
208180651,1,
307068304,9,
145326080,23,
74535093,11,
203729083,2,
254667806,2,
56653460,11,
22033501,4,
415394351,41,
396033431,3,
34475322,2,
29543799,12,
163276166,9,
325810805,22,
301838181,1,
53118015,6,
509688153,0,
94302731,57,
184799302,8,
415394351,41,
102648387,7,
203551822,5,
30324135,55,
243075130,4,
158518748,20,
106357494,0,
341382455,10,
343260789,27,
67293077,11,
338696128,5,
138959233,9,
13465066,2,
20307199,3,
285517902,1,
95497775,3,
492761265,0,
47063863,1,
118290014,5,
300389692,8,
71883032,2,
152271580,18,
410766651,4,
85986633,2,
312861486,7,
137039498,8,
237789969,5,
314575051,0,
518840951,0,
288722179,8,
152802905,2,
177445547,98,
20384361,0,
484177511,0,
348256355,3,
180279177,4,
6504053,4,
230127032,5,
229071748,1,
229764247,1,
36172920,0,
140905275,4,
156974435,2,
221625584,32,
289980345,9,
415394351,0,
234243846,3,
303533073,10,
202197609,0,
30127235,11,
507703243,0,
492761265,0,
402307094,12,
183877565,0,
396944600,1,
183877565,27,
25370510,6,
46668906,0,
42244167,0,
114932477,1,
178158779,18,
294322772,10,
220149769,0,
208210870,5,
88049478,2,
467735692,0,
75580326,6,
214640453,0,
48076855,4,
225497544,4,
492761265,0,
239665052,6,
149419889,3,
333942571,0,
771694,8,
41013044,25,
62389310,13,
18132812,80,
78745434,13,
214640453,35,
269182185,27,
343260789,27,
235126408,19,
324780799,3,
57343201,1,
199874031,0,
195984871,9,
492761265,0,
325747621,0,
18776800,18,
49971425,2,
240968897,7,
522870787,0,
333942571,22,
63345781,72,
63598456,0,
13808965,0,
340430395,32,
42815177,0,
509688153,0,
202197609,19,
53118784,0,
294322772,10,
34150273,0,
271703741,14,
152271580,18,
30883070,0,
34155786,0,
30127235,11,
40176986,15,
447970577,0,
75565461,2,
69158380,2,
100098226,2,
145326080,0,
321365764,0,
294212985,6,
498173616,0,
518309718,0,
286188033,36,
240104467,25,
211278290,9,
34735989,0,
331685051,4,
46373540,1,
340430395,0,
4838043,54,
509688153,0,
218369769,12,
81127402,2,
228138663,9,
287730845,0,
152271580,18,
43826309,20,
8142772,11,
340740878,11,
343260722,26,
343260789,0,
331685051,4,
161665344,3,
191116680,7,
35258613,21,
93851602,5,
143235370,8,
79010327,3,
211851828,13,
497996834,0,
401959312,19,
162771794,1,
71883032,2,
224115527,1,
173962342,11,
294322772,10,
202051749,4,
419291612,6,
361274415,8,
70755252,0,
214640453,0,
38919757,0,
42244167,1,
226449713,2,
164066387,0,
300389692,8,
345524896,10,
276966400,0,
38655722,9,
110379659,18,
507585442,0,
271703741,14,
45966303,5,
408661136,8,
292213127,0,
30324135,14,
343260722,26,
343260629,27,
343260722,26,
294205299,9,
29966538,42,
305151646,3,
83681219,1,
28340699,3,
44129333,3,
200518670,0,
131748110,38,
35258613,21,
29341016,0,
34561184,8,
36396507,6,
36396507,6,
161213332,64,
257922324,3,
17228309,0,
221304985,5,
17736560,9,
402335966,0,
415394351,41,
230604374,0,
436613750,3,
254667806,2,
74022439,11,
341382455,10,
324782532,1,
343260789,27,
151970670,0,
76275071,2,
67133389,4,
219597222,0,
288722179,8,
179911926,23,
372593505,2,
177445547,98,
43751877,8,
21308920,1,
523793773,0,
484345966,0,
94302731,57,
244662388,0,
302228906,20,
140905275,4,
184799302,8,
511345919,0,
415394351,41,
287730845,0,
394503303,9,
233094602,7,
310085533,0,
343260629,27,
80132520,1,
93216991,7,
144708006,2,
341756582,1,
4838043,54,
61729485,7,
74022439,11,
418812057,0,
302228906,20,
395621107,1,
16795060,3,
178158779,18,
98770436,9,
43826309,0,
340740878,11,
441982353,0,
70182255,2,
262399431,0,
1160146,4,
233094602,7,
279344224,3,
343260722,26,
93216991,7,
507235651,0,
313739784,0,
223273140,1,
518840951,0,
169225525,14,
199545766,0,
177445547,98,
2931434,1,
152530154,2,
492932505,0,
332233977,32,
302228906,20,
36879269,1,
140905275,4,
504729817,0,
102648387,7,
325779516,8,
246127193,20,
230604374,0,
517316094,0,
136876983,7,
512116873,0,
343260789,27,
349272614,10,
210252612,7,
43303538,0,
195984871,9,
82937453,0,
501422627,0,
169225525,14,
42244167,0,
321813721,5,
131748110,38,
311979642,6,
432956453,0,
16894613,5,
771694,8,
178319983,9,
143706131,4,
78170742,10,
342971176,39,
12294610,12,
14060843,3,
203551822,5,
228138663,9,
314358745,0,
215652158,2,
215652158,2,
219636782,0,
86339630,10,
112031940,0,
343260722,26,
343260975,27,
343260789,27,
485730447,0,
24575613,10,
32017072,8,
462986295,0,
63215120,18,
525576973,0,
130807240,0,
20384361,31,
22937529,14,
187539713,3,
4628985,2,
41514146,0,
308376590,3,
260079173,6,
17738768,1,
196186591,0,
63979569,2,
309364369,2,
32044025,20,
34106626,2,
27277381,0,
322223428,1,
30654608,11,
51070968,7,
103274818,1,
375082039,2,
142217983,4,
273658759,13,
262595111,26,
770979,1,
2165178,7,
48258166,2,
698055,1,
424633472,3,
158191230,1,
3921786,0,
42083657,1,
42383553,1,
1649428,0,
43223187,2,
31078442,13,
194398697,0,
97777185,24,
237686308,0,
405590972,0,
69778408,6,
180899424,2,
6428755,2,
133239936,6,
508364,2,
19985328,1,
68077754,1,
65685778,0,
30849725,1,
56617821,1,
5949199,1,
457724220,0,
143981600,1,
18896932,1,
71369879,0,
4010627,3,
5167476,2,
17221001,1,
475829321,0,
82430885,1,
294207072,2,
3426046,2,
22716983,1,
24122779,9,
50396723,18,
151337021,1,
10202618,335,
103195074,1,
335994135,2,
56485360,0,
112606579,1,
304737109,7,
351564043,7,
21868614,6,
846505,64,
23459764,5,
220222963,1,
146226441,32,
126772106,3,
14720783,4,
27240047,1,
63979569,2,
1684087,35,
19194757,3,
101293415,2,
174078736,0,
158441459,1,
28747663,1,
75617328,2,
69391731,1,
27061226,2,
17718736,1,
471163193,0,
82329751,5,
12742095,18,
21382885,4,
425022409,2,
237418707,6,
187539713,3,
225820853,1,
188606306,0,
536040838,0,
69111021,3,
5867364,1,
13850608,2,
85882432,0,
8554197,3,
136198953,0,
32759390,1,
14761152,9,
16925504,3,
135234574,1,
351564043,7,
9324394,1,
121229837,1,
23310500,11,
1017287,2,
18884214,4,
255601789,13,
31814201,2,
234904720,7,
75125810,1,
22868073,42,
919544,1,
516206,6,
4629110,3,
84721968,9,
489345524,0,
120152430,2,
431024132,1,
365669750,1,
318276587,1,
30588104,0,
9009104,1,
29832197,0,
240647362,3,
7308152,1,
113980630,0,
276534693,3,
108760072,2,
141166875,2,
212132583,3,
64673985,1,
69780025,0,
47176541,0,
18946002,1,
95945877,1,
6540835,14,
88357720,11,
203995284,0,
44187629,8,
114408617,1,
223855077,36,
266159976,13,
154099470,1,
351406907,2,
38195238,9,
95941458,3,
421123206,16,
162945098,1,
4924637,1,
410554016,1,
1304211,0,
39869023,1,
1684087,31,
269243315,166,
9702328,1,
196186591,0,
285518432,1,
182314733,4,
3186285,1,
37514178,18,
785826,132,
15779976,4,
27998605,3,
262595111,26,
40813523,1,
33614773,0,
226574539,4,
249297,1,
3069630,3,
66502522,2,
119983675,5,
269881723,2,
276576885,1,
91382765,2,
172196038,1,
396395487,1,
98057331,0,
223534055,1,
90485804,1,
6671943,3,
38459934,505,
18483787,13,
224396348,0,
419232695,0,
191972966,0,
92179542,1,
309364369,2,
29938723,2,
80603071,8,
77336854,2,
372600166,3,
288671055,2,
846505,64,
85825104,1,
90102218,1,
505429897,4,
11078981,0,
370750174,5,
26753094,8,
34739709,0,
37093240,3,
478158693,0,
69115438,2,
4916259,1,
207578246,2,
310223515,4,
150634464,1,
71184059,2,
78361743,1,
452434854,0,
4010627,3,
292730860,1,
31422369,1,
23579569,1,
76133467,0,
518609217,0,
235652594,2,
785826,132,
30654608,11,
55442,18,
23878551,0,
247991393,0,
83038230,2,
38195238,9,
22937529,14,
432507705,5,
230652874,5,
200186788,0,
10663375,1,
69219751,0,
106739849,1,
154268543,2,
16083796,1,
15531498,1,
2451557,1,
22929016,1,
113701340,5,
22286472,1,
25852486,1,
66631663,8,
65261182,1,
422651135,1,
468287,1,
216448628,1,
123137842,0,
11463589,1,
393894868,1,
488305580,0,
486394301,0,
105087986,0,
507295418,0,
291424503,2,
515097756,0,
348770657,1,
41863823,1,
185208324,1,
94071526,11,
55820635,1,
138365895,1,
1684087,35,
864492,0,
401125255,5,
250931206,7,
12665126,3,
526270610,0,
4670700,1,
114344363,7,
31814201,2,
103779581,2,
301014754,28,
128745036,5,
77548208,5,
533329936,0,
195095,13,
316158731,1,
94071526,11,
302087197,1,
21267452,0,
35499709,2,
22932234,7,
143385147,1,
33649161,4,
471150746,0,
30753730,12,
129936208,2,
108849239,1,
207649490,1,
56100313,3,
2854730,1,
47406077,1,
785826,132,
68523791,1,
339842916,33,
51469580,2,
415294728,0,
532251015,0,
120152430,2,
109263412,3,
5255538,0,
159077685,0,
20743874,0,
43634586,1,
227359503,0,
28180980,3,
339697967,2,
138551994,2,
234998999,1,
30753730,12,
129010687,1,
55430413,4,
6948229,2,
301014754,28,
94071526,11,
31648167,1,
301014754,28,
69432,6,
218397574,1,
150481310,6,
532435923,0,
50542185,1,
262595111,26,
285628029,23,
151771343,1,
422604123,0,
269017585,0,
518093894,0,
46742871,0,
214977420,0,
50332082,27,
37326356,1,
135029869,3,
88357720,11,
495595032,0,
122062284,4,
342457783,14,
124466393,1,
47674029,0,
685702,0,
46658478,0,
4068231,3,
141893978,1,
141700465,1,
22459555,0,
6893345,2,
56999877,1,
208135580,0,
70715008,1,
185239349,1,
258963573,1,
339842916,33,
148787014,1,
11079714,1,
18483787,13,
170411850,1,
262595111,26,
846505,64,
88031268,1,
125219844,0,
4356799,14,
23310500,11,
178473296,0,
61369802,2,
384692318,0,
53023793,1,
6835377,0,
130961275,1,
9796268,1,
95622196,1,
534314230,0,
303001589,0,
293480306,0,
53144997,2,
193568041,0,
44964154,0,
230269687,1,
130331704,0,
9815163,3,
386402738,6,
372403926,2,
8001517,1,
19262632,0,
114344363,7,
123245799,1,
254096899,0,
535903379,0,
149273127,5,
1409949,0,
508306690,0,
246277935,1,
70945480,1,
93939378,9,
11897371,1,
381313504,0,
83812170,1,
503048599,0,
292527083,4,
337780563,0,
452434854,0,
260079173,6,
8702985,11,
249094278,1,
27590232,4,
13569432,2,
142041828,1,
225137954,2,
26753094,8,
7293853,3,
13777341,3,
29456355,1,
391154279,1,
128463436,3,
66274966,5,
372725215,7,
37905670,14,
535211618,0,
89412705,0,
6893345,0,
191280241,0,
74376784,1,
101520942,1,
24374961,1,
318182741,1,
102240988,1,
264468,0,
9669365,5,
337072335,11,
240599114,5,
71876108,1,
83380695,1,
25660537,3,
223518400,1,
213612,21,
141711144,0,
11627383,1,
43488381,0,
7450351,1,
285720137,1,
94329799,3,
8976677,2,
32289539,0,
80202988,2,
252804960,0,
125608964,1,
381313504,0,
380807998,1,
7858163,17,
10352387,10,
172682372,2,
132861729,5,
92635593,3,
141922714,0,
231697659,1,
31146334,2,
40129122,0,
66502522,2,
13457429,0,
143181264,1,
254676587,2,
217242961,1,
3225688,5,
435126944,1,
189669755,4,
30284623,1,
301014754,28,
422231688,0,
281410778,0,
6397676,1,
266159976,13,
203561104,4,
20411486,3,
157395429,1,
126506187,0,
30454907,0,
174661737,0,
54422135,60,
25660537,3,
529013700,0,
5819896,5,
119983675,5,
164702935,1,
91050252,1,
45029633,1,
269243315,166,
496268,2,
6856006,7,
107325229,1,
12621649,1,
23518355,3,
23518355,7,
126972141,2,
8277300,1,
443351231,0,
335336828,0,
471216887,0,
193831211,0,
477335509,0,
399456076,1,
72512855,0,
515493328,0,
425864013,0,
188310727,164,
25117311,0,
467764360,0,
14211907,0,
473042959,0,
96458589,3,
3109637,0,
17417202,80,
463347801,0,
71908603,1,
407804837,0,
320873559,0,
470181536,0,
478354960,0,
418671655,0,
90755054,0,
467764360,0,
245909896,0,
61691979,0,
416448026,0,
42819515,0,
320034797,0,
143893056,77,
167648591,0,
473042959,0,
10551173,14,
220038032,0,
48598305,0,
273966362,0,
484360708,0,
415941848,0,
432816779,2,
121608401,0,
74933177,0,
496809396,0,
174303713,0,
46409348,0,
221530395,884,
293601256,160,
388489360,0,
229202667,0,
10551173,0,
235529062,0,
220038032,148,
362873365,0,
199211194,0,
39571602,1,
399451600,0,
443351231,0,
362873365,0,
74933177,556,
431795568,0,
382435747,11,
491623750,0,
385681640,0,
467764360,0,
72970894,0,
494246264,0,
277557170,0,
156562805,70,
477786033,0,
474505302,0,
47122931,0,
16011104,0,
426880950,0,
430029301,22,
69652075,0,
367604156,73,
199963617,0,
50966510,0,
156562805,70,
362873365,0,
221530395,0,
495106714,0,
167648591,289,
491127141,0,
149980127,1,
37128433,0,
188310727,164,
16121555,156,
245909896,0,
463654451,0,
505914278,0,
523608041,0,
494606982,0,
337395974,45,
451226310,0,
402191311,938,
430375639,21,
490909810,0,
491127141,0,
